Workbook

Sheet Resumo
A1: Condicionantes ambientais – pendências
A2: Fonte: licenças e documentos das pastas dos clientes (RN Projetos). Itens marcados como "já atendidos" (placa, publicação, treinamento, INMETRO e laudo) não aparecem, exceto licenças emitidas em 2026.
A3: Data de referência | B3: 46318 | C3: ← altere para atualizar os dias de atraso na aba Pendências
A5: Condicionante | B5: Vencidas | C5: Sem data | D5: Vencem em breve | E5: Total
A6: Renovação da licença | B6: =COUNTIFS(Pendências!$H$2:$H$135,$A6,Pendências!$J$2:$J$135,"Vencida") -> 12 | C6: =COUNTIFS(Pendências!$H$2:$H$135,$A6,Pendências!$J$2:$J$135,"Sem data") -> 0 | D6: =COUNTIFS(Pendências!$H$2:$H$135,$A6,Pendências!$J$2:$J$135,"Vence em breve") -> 0 | E6: =SUM(B6:D6) -> 12
A7: IBAMA – Certificado de Regularidade | B7: =COUNTIFS(Pendências!$H$2:$H$135,$A7,Pendências!$J$2:$J$135,"Vencida") -> 7 | C7: =COUNTIFS(Pendências!$H$2:$H$135,$A7,Pendências!$J$2:$J$135,"Sem data") -> 0 | D7: =COUNTIFS(Pendências!$H$2:$H$135,$A7,Pendências!$J$2:$J$135,"Vence em breve") -> 4 | E7: =SUM(B7:D7) -> 11
A8: IBAMA – TCFA em aberto | B8: =COUNTIFS(Pendências!$H$2:$H$135,$A8,Pendências!$J$2:$J$135,"Vencida") -> 1 | C8: =COUNTIFS(Pendências!$H$2:$H$135,$A8,Pendências!$J$2:$J$135,"Sem data") -> 0 | D8: =COUNTIFS(Pendências!$H$2:$H$135,$A8,Pendências!$J$2:$J$135,"Vence em breve") -> 0 | E8: =SUM(B8:D8) -> 1
A9: Publicação da concessão | B9: =COUNTIFS(Pendências!$H$2:$H$135,$A9,Pendências!$J$2:$J$135,"Vencida") -> 6 | C9: =COUNTIFS(Pendências!$H$2:$H$135,$A9,Pendências!$J$2:$J$135,"Sem data") -> 0 | D9: =COUNTIFS(Pendências!$H$2:$H$135,$A9,Pendências!$J$2:$J$135,"Vence em breve") -> 0 | E9: =SUM(B9:D9) -> 6
A10: Placa indicativa | B10: =COUNTIFS(Pendências!$H$2:$H$135,$A10,Pendências!$J$2:$J$135,"Vencida") -> 4 | C10: =COUNTIFS(Pendências!$H$2:$H$135,$A10,Pendências!$J$2:$J$135,"Sem data") -> 0 | D10: =COUNTIFS(Pendências!$H$2:$H$135,$A10,Pendências!$J$2:$J$135,"Vence em breve") -> 1 | E10: =SUM(B10:D10) -> 5
A11: ANP – Certificado de posto revendedor | B11: =COUNTIFS(Pendências!$H$2:$H$135,$A11,Pendências!$J$2:$J$135,"Vencida") -> 1 | C11: =COUNTIFS(Pendências!$H$2:$H$135,$A11,Pendências!$J$2:$J$135,"Sem data") -> 1 | D11: =COUNTIFS(Pendências!$H$2:$H$135,$A11,Pendências!$J$2:$J$135,"Vence em breve") -> 0 | E11: =SUM(B11:D11) -> 2
A12: AVCB / CLCB (Bombeiros) | B12: =COUNTIFS(Pendências!$H$2:$H$135,$A12,Pendências!$J$2:$J$135,"Vencida") -> 23 | C12: =COUNTIFS(Pendências!$H$2:$H$135,$A12,Pendências!$J$2:$J$135,"Sem data") -> 8 | D12: =COUNTIFS(Pendências!$H$2:$H$135,$A12,Pendências!$J$2:$J$135,"Vence em breve") -> 3 | E12: =SUM(B12:D12) -> 34
A13: TOG – Óleos e graxas | B13: =COUNTIFS(Pendências!$H$2:$H$135,$A13,Pendências!$J$2:$J$135,"Vencida") -> 36 | C13: =COUNTIFS(Pendências!$H$2:$H$135,$A13,Pendências!$J$2:$J$135,"Sem data") -> 8 | D13: =COUNTIFS(Pendências!$H$2:$H$135,$A13,Pendências!$J$2:$J$135,"Vence em breve") -> 0 | E13: =SUM(B13:D13) -> 44
A14: INMETRO – Bombas | B14: =COUNTIFS(Pendências!$H$2:$H$135,$A14,Pendências!$J$2:$J$135,"Vencida") -> 1 | C14: =COUNTIFS(Pendências!$H$2:$H$135,$A14,Pendências!$J$2:$J$135,"Sem data") -> 4 | D14: =COUNTIFS(Pendências!$H$2:$H$135,$A14,Pendências!$J$2:$J$135,"Vence em breve") -> 3 | E14: =SUM(B14:D14) -> 8
A15: Laudo de estanqueidade | B15: =COUNTIFS(Pendências!$H$2:$H$135,$A15,Pendências!$J$2:$J$135,"Vencida") -> 1 | C15: =COUNTIFS(Pendências!$H$2:$H$135,$A15,Pendências!$J$2:$J$135,"Sem data") -> 3 | D15: =COUNTIFS(Pendências!$H$2:$H$135,$A15,Pendências!$J$2:$J$135,"Vence em breve") -> 0 | E15: =SUM(B15:D15) -> 4
A16: Certificados de treinamento | B16: =COUNTIFS(Pendências!$H$2:$H$135,$A16,Pendências!$J$2:$J$135,"Vencida") -> 0 | C16: =COUNTIFS(Pendências!$H$2:$H$135,$A16,Pendências!$J$2:$J$135,"Sem data") -> 4 | D16: =COUNTIFS(Pendências!$H$2:$H$135,$A16,Pendências!$J$2:$J$135,"Vence em breve") -> 0 | E16: =SUM(B16:D16) -> 4
A17: Resíduos oleosos (relatório semestral) | B17: =COUNTIFS(Pendências!$H$2:$H$135,$A17,Pendências!$J$2:$J$135,"Vencida") -> 0 | C17: =COUNTIFS(Pendências!$H$2:$H$135,$A17,Pendências!$J$2:$J$135,"Sem data") -> 3 | D17: =COUNTIFS(Pendências!$H$2:$H$135,$A17,Pendências!$J$2:$J$135,"Vence em breve") -> 0 | E17: =SUM(B17:D17) -> 3
A18: TOTAL | B18: =SUM(B6:B17) -> 92 | C18: =SUM(C6:C17) -> 31 | D18: =SUM(D6:D17) -> 11 | E18: =SUM(E6:E17) -> 134
A20: Andamento (preenchido na aba Pendências)
A21: A fazer | B21: =COUNTIF(Pendências!$P$2:$P$135,A21) -> 134
A22: Em andamento | B22: =COUNTIF(Pendências!$P$2:$P$135,A22) -> 0
A23: Aguardando cliente | B23: =COUNTIF(Pendências!$P$2:$P$135,A23) -> 0
A24: Resolvido | B24: =COUNTIF(Pendências!$P$2:$P$135,A24) -> 0
A25: Já estava em dia | B25: =COUNTIF(Pendências!$P$2:$P$135,A25) -> 0
A27: Como usar: filtre a aba Pendências por Empresa, Condicionante ou Situação. Preencha Responsável, Andamento, Prazo combinado e Observações (colunas amarelas).

Sheet Pendências
A1: Nº | B1: Prioridade | C1: Empresa | D1: Município | E1: CNPJ | F1: Licença nº | G1: Validade da licença | H1: Condicionante | I1: Cond. nº na licença | J1: Situação | K1: Vencimento / último prazo | L1: Dias (+ falta / – atraso) | M1: De onde veio a data | N1: O que fazer | O1: Responsável | P1: Andamento | Q1: Prazo combinado | R1: Observações
A2: 1 | B2: Baixa | C2: Auto Posto Central Mineiro Ltda | D2: Frutuoso Gomes | E2: 34.086.384/0001-29 | F2: 2020-156385/TEC/LO-0056 | G2: 46505 | H2: IBAMA – Certificado de Regularidade | J2: Vence em breve | K2: 46344 | L2: =IF(K2="","",K2-Resumo!$B$3) -> 26 | M2: Documento na pasta: Certificado de Regularidade (CTF/APP) emitido em 18/08/2026 | N2: Emitir novo Certificado de Regularidade (CTF/APP) no site do IBAMA (vale 3 meses) e arquivar na pasta. | P2: A fazer
A3: 2 | B3: Baixa | C3: Auto Posto Central Mineiro Ltda | D3: Frutuoso Gomes | E3: 34.086.384/0001-29 | F3: 2020-156385/TEC/LO-0056 | G3: 46505 | H3: AVCB / CLCB (Bombeiros) | I3: 4 | J3: Vence em breve | K3: 46344 | L3: =IF(K3="","",K3-Resumo!$B$3) -> 26 | M3: Documento na pasta: AVCB nº 65529 emitido em 18/11/2025 | N3: Conferir com o cliente se há AVCB/CLCB mais recente ou renovação em andamento; se não, solicitar renovação ao Corpo de Bombeiros e protocolar o novo no Comunic@. | P3: A fazer
A4: 3 | B4: Alta | C4: Auto Posto Central Mineiro Ltda | D4: Frutuoso Gomes | E4: 34.086.384/0001-29 | F4: 2020-156385/TEC/LO-0056 | G4: 46505 | H4: TOG – Óleos e graxas | I4: 13 | J4: Vencida | K4: 46281 | L4: =IF(K4="","",K4-Resumo!$B$3) -> -37 | M4: Documento na pasta: Coleta em 16/06/2026 → +3 meses | N4: Programar nova coleta de óleos e graxas (a cada 3 meses) e protocolar o laudo no Comunic@. Conferir se já existe laudo mais recente. | P4: A fazer
A5: 4 | B5: Alta | C5: Auto Posto Lopes Combustiveis Ltda | D5: Viçosa | E5: 22.497.882/0001-85 | F5: 2023-194569/TEC/RLO-0313 | G5: 47374 | H5: AVCB / CLCB (Bombeiros) | I5: 5 | J5: Vencida | K5: 45995 | L5: =IF(K5="","",K5-Resumo!$B$3) -> -323 | M5: Documento na pasta: AVCB emitido em 04/12/2024 | N5: Conferir com o cliente se há AVCB/CLCB mais recente ou renovação em andamento; se não, solicitar renovação ao Corpo de Bombeiros e protocolar o novo no Comunic@. | P5: A fazer
A6: 5 | B6: Alta | C6: Auto Posto Lopes Combustiveis Ltda | D6: Viçosa | E6: 22.497.882/0001-85 | F6: 2023-194569/TEC/RLO-0313 | G6: 47374 | H6: TOG – Óleos e graxas | I6: 16 | J6: Vencida | K6: 46281 | L6: =IF(K6="","",K6-Resumo!$B$3) -> -37 | M6: Documento na pasta: Coleta em 16/06/2026 → +3 meses | N6: Programar nova coleta de óleos e graxas (a cada 3 meses) e protocolar o laudo no Comunic@. Conferir se já existe laudo mais recente. | P6: A fazer
A7: 6 | B7: Alta | C7: Auto Posto Maioridade Ltda | D7: Martins | E7: 23.475.547/0001-49 | F7: 2023-201498/TEC/RLO-0710 | G7: 47584 | H7: AVCB / CLCB (Bombeiros) | I7: 5 | J7: Vencida | K7: 46309 | L7: =IF(K7="","",K7-Resumo!$B$3) -> -9 | M7: Documento na pasta: AVCB nº 65330 emitido em 14/10/2025 | N7: Conferir com o cliente se há AVCB/CLCB mais recente ou renovação em andamento; se não, solicitar renovação ao Corpo de Bombeiros e protocolar o novo no Comunic@. | P7: A fazer
A8: 7 | B8: Alta | C8: Auto Posto Maioridade Ltda | D8: Martins | E8: 23.475.547/0001-49 | F8: 2023-201498/TEC/RLO-0710 | G8: 47584 | H8: TOG – Óleos e graxas | I8: 17 | J8: Vencida | K8: 46281 | L8: =IF(K8="","",K8-Resumo!$B$3) -> -37 | M8: Documento na pasta: Coleta em 16/06/2026 → +3 meses | N8: Programar nova coleta de óleos e graxas (a cada 3 meses) e protocolar o laudo no Comunic@. Conferir se já existe laudo mais recente. | P8: A fazer
A9: 8 | B9: Baixa | C9: Auto Posto Santo Expedito Eireli | D9: Tenente Ananias | E9: 03.445.752/0001-54 | F9: 2020-157554/TEC/LO-0286 | G9: 46546 | H9: TOG – Óleos e graxas | I9: 14 | J9: Sem data | L9: =IF(K9="","",K9-Resumo!$B$3) | M9: Informe a data do último envio | N9: Programar nova coleta de óleos e graxas (a cada 3 meses) e protocolar o laudo no Comunic@. Conferir se já existe laudo mais recente. | P9: A fazer
A10: 9 | B10: Média | C10: Auto Posto Taboleiro Ltda | D10: Taboleiro Grande | E10: 51.502.654/0001-54 | F10: 2021-159236/TEC/RLO-0032 | G10: 46764 | H10: Publicação da concessão | I10: 21 | J10: Vencida | K10: 46101 | L10: =IF(K10="","",K10-Resumo!$B$3) -> -217 | M10: Prazo único de 10 dias após a emissão | N10: Conferir se a concessão foi publicada (D.O.E. e jornal) e protocolar a cópia no Comunic@. | P10: A fazer
A11: 10 | B11: Média | C11: Auto Posto Taboleiro Ltda | D11: Taboleiro Grande | E11: 51.502.654/0001-54 | F11: 2021-159236/TEC/RLO-0032 | G11: 46764 | H11: Placa indicativa | I11: 19 | J11: Vencida | K11: 46181 | L11: =IF(K11="","",K11-Resumo!$B$3) -> -137 | M11: Prazo único de 90 dias após a emissão | N11: Conferir foto da placa indicativa (modelo IDEMA) e protocolar no Comunic@. | P11: A fazer
A12: 11 | B12: Alta | C12: Auto Posto Taboleiro Ltda | D12: Taboleiro Grande | E12: 51.502.654/0001-54 | F12: 2021-159236/TEC/RLO-0032 | G12: 46764 | H12: AVCB / CLCB (Bombeiros) | I12: 5 | J12: Vencida | K12: 46150 | L12: =IF(K12="","",K12-Resumo!$B$3) -> -168 | M12: Documento na pasta: AVCB emitido em 08/05/2025 | N12: Conferir com o cliente se há AVCB/CLCB mais recente ou renovação em andamento; se não, solicitar renovação ao Corpo de Bombeiros e protocolar o novo no Comunic@. | P12: A fazer
A13: 12 | B13: Alta | C13: Auto Posto Taboleiro Ltda | D13: Taboleiro Grande | E13: 51.502.654/0001-54 | F13: 2021-159236/TEC/RLO-0032 | G13: 46764 | H13: TOG – Óleos e graxas | I13: 16 | J13: Vencida | K13: 46282 | L13: =IF(K13="","",K13-Resumo!$B$3) -> -36 | M13: Documento na pasta: Coleta em 17/06/2026 → +3 meses | N13: Programar nova coleta de óleos e graxas (a cada 3 meses) e protocolar o laudo no Comunic@. Conferir se já existe laudo mais recente. | P13: A fazer
A14: 13 | B14: Baixa | C14: Auto Posto Taboleiro Ltda | D14: Taboleiro Grande | E14: 51.502.654/0001-54 | F14: 2021-159236/TEC/RLO-0032 | G14: 46764 | H14: INMETRO – Bombas | I14: 15 | J14: Sem data | L14: =IF(K14="","",K14-Resumo!$B$3) | M14: Informe a data do último envio | N14: Conferir verificação anual das bombas (IPEM/INMETRO); se vencida, solicitar vistoria e guardar os certificados. | P14: A fazer
A15: 14 | B15: Média | C15: Auto Posto Taboleiro Ltda | D15: Taboleiro Grande | E15: 51.502.654/0001-54 | F15: 2021-159236/TEC/RLO-0032 | G15: 46764 | H15: Laudo de estanqueidade | I15: 15 | J15: Vencida | K15: 46042 | L15: =IF(K15="","",K15-Resumo!$B$3) -> -276 | M15: Documento na pasta: Ensaio de 20/01/2021; 5 anos | N15: Conferir teste de estanqueidade (validade de 5 anos); se vencido ou inexistente, contratar novo laudo e protocolar. | P15: A fazer
A16: 15 | B16: Baixa | C16: Auto Posto Taboleiro Ltda | D16: Taboleiro Grande | E16: 51.502.654/0001-54 | F16: 2021-159236/TEC/RLO-0032 | G16: 46764 | H16: Certificados de treinamento | I16: 8 | J16: Sem data | L16: =IF(K16="","",K16-Resumo!$B$3) | M16: Informe a data do último envio | N16: Conferir certificados de treinamento (NR-20) dos funcionários e protocolar os atualizados. | P16: A fazer
A17: 16 | B17: Alta | C17: C.Dantas Teixeira Me | D17: Pau dos Ferros | E17: 10.325.617/0001-30 | F17: 2020-150229/TEC/RLO-0336 | G17: 46374 | H17: Renovação da licença | I17: 21 | J17: Vencida | K17: 46254 | L17: =IF(K17="","",K17-Resumo!$B$3) -> -64 | M17: Licença vale até 18/12/2026 (pedido ≥120 dias antes) | N17: Conferir se a renovação já foi requerida/emitida; se não, protocolar o pedido de renovação no IDEMA (mín. 120 dias antes do fim da validade). | P17: A fazer
A18: 17 | B18: Média | C18: C.Dantas Teixeira Me | D18: Pau dos Ferros | E18: 10.325.617/0001-30 | F18: 2020-150229/TEC/RLO-0336 | G18: 46374 | H18: IBAMA – Certificado de Regularidade | J18: Vencida | K18: 46303 | L18: =IF(K18="","",K18-Resumo!$B$3) -> -15 | M18: Documento na pasta: Certificado de Regularidade (CTF/APP) emitido em 08/07/2026 | N18: Emitir novo Certificado de Regularidade (CTF/APP) no site do IBAMA (vale 3 meses) e arquivar na pasta. | P18: A fazer
A19: 18 | B19: Baixa | C19: C.Dantas Teixeira Me | D19: Pau dos Ferros | E19: 10.325.617/0001-30 | F19: 2020-150229/TEC/RLO-0336 | G19: 46374 | H19: AVCB / CLCB (Bombeiros) | I19: 5 | J19: Sem data | L19: =IF(K19="","",K19-Resumo!$B$3) | M19: Informe a data do último envio | N19: Conferir com o cliente se há AVCB/CLCB mais recente ou renovação em andamento; se não, solicitar renovação ao Corpo de Bombeiros e protocolar o novo no Comunic@. | P19: A fazer
A20: 19 | B20: Baixa | C20: C.Dantas Teixeira Me | D20: Pau dos Ferros | E20: 10.325.617/0001-30 | F20: 2020-150229/TEC/RLO-0336 | G20: 46374 | H20: TOG – Óleos e graxas | I20: 17 | J20: Sem data | L20: =IF(K20="","",K20-Resumo!$B$3) | M20: Informe a data do último envio | N20: Programar nova coleta de óleos e graxas (a cada 3 meses) e protocolar o laudo no Comunic@. Conferir se já existe laudo mais recente. | P20: A fazer
A21: 20 | B21: Baixa | C21: Comercial De Petroleo M & M Santos Ltda | D21: Carnaubais | E21: 18.630.311/0001-08 | F21: 2025-246171/TEC/RLO-0573 | G21: 48100 | H21: TOG – Óleos e graxas | I21: 16 | J21: Sem data | L21: =IF(K21="","",K21-Resumo!$B$3) | M21: Informe a data do último envio | N21: Programar nova coleta de óleos e graxas (a cada 3 meses) e protocolar o laudo no Comunic@. Conferir se já existe laudo mais recente. | P21: A fazer
A22: 21 | B22: Alta | C22: Comercial Freitas Ltda - Posto Esperanca | D22: Almino Afonso | E22: 12.640.314/0001-38 | F22: 2008-023789/TEC/LRO-0174 | G22: 44080 | H22: Renovação da licença | I22: 24 | J22: Vencida | K22: 43960 | L22: =IF(K22="","",K22-Resumo!$B$3) -> -2358 | M22: Licença vale até 06/09/2020 (pedido ≥120 dias antes) | N22: Conferir se a renovação já foi requerida/emitida; se não, protocolar o pedido de renovação no IDEMA (mín. 120 dias antes do fim da validade). | P22: A fazer
A23: 22 | B23: Baixa | C23: Comercial Freitas Ltda - Posto Esperanca | D23: Almino Afonso | E23: 12.640.314/0001-38 | F23: 2008-023789/TEC/LRO-0174 | G23: 44080 | H23: IBAMA – Certificado de Regularidade | J23: Vence em breve | K23: 46346 | L23: =IF(K23="","",K23-Resumo!$B$3) -> 28 | M23: Documento na pasta: Certificado de Regularidade (CTF/APP) emitido em 20/08/2026 | N23: Emitir novo Certificado de Regularidade (CTF/APP) no site do IBAMA (vale 3 meses) e arquivar na pasta. | P23: A fazer
A24: 23 | B24: Baixa | C24: Comercial Freitas Ltda - Posto Esperanca | D24: Almino Afonso | E24: 12.640.314/0001-38 | F24: 2008-023789/TEC/LRO-0174 | G24: 44080 | H24: AVCB / CLCB (Bombeiros) | I24: 5 | J24: Sem data | L24: =IF(K24="","",K24-Resumo!$B$3) | M24: Informe a data do último envio | N24: Conferir com o cliente se há AVCB/CLCB mais recente ou renovação em andamento; se não, solicitar renovação ao Corpo de Bombeiros e protocolar o novo no Comunic@. | P24: A fazer
A25: 24 | B25: Baixa | C25: Comercial Freitas Ltda - Posto Esperanca | D25: Almino Afonso | E25: 12.640.314/0001-38 | F25: 2008-023789/TEC/LRO-0174 | G25: 44080 | H25: TOG – Óleos e graxas | I25: 15 | J25: Sem data | L25: =IF(K25="","",K25-Resumo!$B$3) | M25: Informe a data do último envio | N25: Programar nova coleta de óleos e graxas (a cada 3 meses) e protocolar o laudo no Comunic@. Conferir se já existe laudo mais recente. | P25: A fazer
A26: 25 | B26: Baixa | C26: Comercial Rodrigues Dos Santos Ltda | D26: Assú | E26: 24.186.793/0001-43 | F26: 2021-160799/TEC/RLO-0226 | G26: 46595 | H26: AVCB / CLCB (Bombeiros) | I26: 5 | J26: Sem data | L26: =IF(K26="","",K26-Resumo!$B$3) | M26: Informe a data do último envio | N26: Conferir com o cliente se há AVCB/CLCB mais recente ou renovação em andamento; se não, solicitar renovação ao Corpo de Bombeiros e protocolar o novo no Comunic@. | P26: A fazer
A27: 26 | B27: Baixa | C27: Comercial Rodrigues Dos Santos Ltda | D27: Assú | E27: 24.186.793/0001-43 | F27: 2021-160799/TEC/RLO-0226 | G27: 46595 | H27: TOG – Óleos e graxas | I27: 15 | J27: Sem data | L27: =IF(K27="","",K27-Resumo!$B$3) | M27: Informe a data do último envio | N27: Programar nova coleta de óleos e graxas (a cada 3 meses) e protocolar o laudo no Comunic@. Conferir se já existe laudo mais recente. | P27: A fazer
A28: 27 | B28: Média | C28: Comercio De Combustiveis Santo Antonio Ltda | D28: Severiano Melo | E28: 58.058.585/0001-80 | F28: 2025-248521/TEC/LO-0297 | G28: 48215 | H28: Publicação da concessão | I28: 19 | J28: Vencida | K28: 46034 | L28: =IF(K28="","",K28-Resumo!$B$3) -> -284 | M28: Prazo único de 10 dias após a emissão | N28: Conferir se a concessão foi publicada (D.O.E. e jornal) e protocolar a cópia no Comunic@. | P28: A fazer
A29: 28 | B29: Média | C29: Comercio De Combustiveis Santo Antonio Ltda | D29: Severiano Melo | E29: 58.058.585/0001-80 | F29: 2025-248521/TEC/LO-0297 | G29: 48215 | H29: Placa indicativa | I29: 17 | J29: Vencida | K29: 46114 | L29: =IF(K29="","",K29-Resumo!$B$3) -> -204 | M29: Prazo único de 90 dias após a emissão | N29: Conferir foto da placa indicativa (modelo IDEMA) e protocolar no Comunic@. | P29: A fazer
A30: 29 | B30: Alta | C30: Comercio De Combustiveis Santo Antonio Ltda | D30: Severiano Melo | E30: 58.058.585/0001-80 | F30: 2025-248521/TEC/LO-0297 | G30: 48215 | H30: TOG – Óleos e graxas | I30: 15 | J30: Vencida | K30: 46281 | L30: =IF(K30="","",K30-Resumo!$B$3) -> -37 | M30: Documento na pasta: Coleta em 16/06/2026 → +3 meses | N30: Programar nova coleta de óleos e graxas (a cada 3 meses) e protocolar o laudo no Comunic@. Conferir se já existe laudo mais recente. | P30: A fazer
A31: 30 | B31: Baixa | C31: Comercio De Combustiveis Santo Antonio Ltda | D31: Severiano Melo | E31: 58.058.585/0001-80 | F31: 2025-248521/TEC/LO-0297 | G31: 48215 | H31: INMETRO – Bombas | I31: 8 | J31: Sem data | L31: =IF(K31="","",K31-Resumo!$B$3) | M31: Informe a data do último envio | N31: Conferir verificação anual das bombas (IPEM/INMETRO); se vencida, solicitar vistoria e guardar os certificados. | P31: A fazer
A32: 31 | B32: Baixa | C32: Comercio De Combustiveis Santo Antonio Ltda | D32: Severiano Melo | E32: 58.058.585/0001-80 | F32: 2025-248521/TEC/LO-0297 | G32: 48215 | H32: Laudo de estanqueidade | I32: 14 | J32: Sem data | L32: =IF(K32="","",K32-Resumo!$B$3) | M32: Informe a data do último envio | N32: Conferir teste de estanqueidade (validade de 5 anos); se vencido ou inexistente, contratar novo laudo e protocolar. | P32: A fazer
A33: 32 | B33: Baixa | C33: Comercio De Combustiveis Santo Antonio Ltda | D33: Severiano Melo | E33: 58.058.585/0001-80 | F33: 2025-248521/TEC/LO-0297 | G33: 48215 | H33: Certificados de treinamento | I33: 8 | J33: Sem data | L33: =IF(K33="","",K33-Resumo!$B$3) | M33: Informe a data do último envio | N33: Conferir certificados de treinamento (NR-20) dos funcionários e protocolar os atualizados. | P33: A fazer
A34: 33 | B34: Alta | C34: Coronel Gas Ii Ltda | D34: Município São Miguel | E34: 56.086.886/0001-92 | F34: 2024-219372/TEC/LO-0637 | G34: 47766 | H34: AVCB / CLCB (Bombeiros) | I34: 4 | J34: Vencida | K34: 45995 | L34: =IF(K34="","",K34-Resumo!$B$3) -> -323 | M34: Documento na pasta: AVCB emitido em 04/12/2024 | N34: Conferir com o cliente se há AVCB/CLCB mais recente ou renovação em andamento; se não, solicitar renovação ao Corpo de Bombeiros e protocolar o novo no Comunic@. | P34: A fazer
A35: 34 | B35: Alta | C35: Damiana Maria De Jesus Dantas Varejista | D35: Venha Ver | E35: 10.973.484/0001-09 | F35: 2022-180904/TEC/RLO-0170 | G35: 47037 | H35: AVCB / CLCB (Bombeiros) | I35: 5 | J35: Vencida | K35: 46225 | L35: =IF(K35="","",K35-Resumo!$B$3) -> -93 | M35: Documento na pasta: AVCB emitido em 22/07/2025 | N35: Conferir com o cliente se há AVCB/CLCB mais recente ou renovação em andamento; se não, solicitar renovação ao Corpo de Bombeiros e protocolar o novo no Comunic@. | P35: A fazer
A36: 35 | B36: Alta | C36: Damiana Maria De Jesus Dantas Varejista | D36: Venha Ver | E36: 10.973.484/0001-09 | F36: 2022-180904/TEC/RLO-0170 | G36: 47037 | H36: TOG – Óleos e graxas | I36: 15 | J36: Vencida | K36: 46282 | L36: =IF(K36="","",K36-Resumo!$B$3) -> -36 | M36: Documento na pasta: Coleta em 17/06/2026 → +3 meses | N36: Programar nova coleta de óleos e graxas (a cada 3 meses) e protocolar o laudo no Comunic@. Conferir se já existe laudo mais recente. | P36: A fazer
A37: 36 | B37: Média | C37: Estevam E Castro Posto De Combustivel Ltda | D37: Encanto | E37: 06.287.722/0001-55 | F37: 2025-250825/TEC/RLO-0982 | G37: 48208 | H37: IBAMA – TCFA em aberto | J37: Vencida | K37: 45322 | L37: =IF(K37="","",K37-Resumo!$B$3) -> -996 | M37: Documento na pasta: 6 boletos TCFA em aberto na pasta: 2022/3 a 2023/4, todos com vencimento em 31/01/2024 | N37: Conferir o pagamento dos boletos TCFA em aberto (2022/3 a 2023/4); se não pagos, emitir 2ª via ou parcelamento no IBAMA. | P37: A fazer
A38: 37 | B38: Alta | C38: Estevam E Castro Posto De Combustivel Ltda | D38: Encanto | E38: 06.287.722/0001-55 | F38: 2025-250825/TEC/RLO-0982 | G38: 48208 | H38: AVCB / CLCB (Bombeiros) | I38: 5 | J38: Vencida | K38: 46239 | L38: =IF(K38="","",K38-Resumo!$B$3) -> -79 | M38: Documento na pasta: AVCB emitido em 05/08/2025 | N38: Conferir com o cliente se há AVCB/CLCB mais recente ou renovação em andamento; se não, solicitar renovação ao Corpo de Bombeiros e protocolar o novo no Comunic@. | P38: A fazer
A39: 38 | B39: Alta | C39: Estevam E Castro Posto De Combustivel Ltda | D39: Encanto | E39: 06.287.722/0001-55 | F39: 2025-250825/TEC/RLO-0982 | G39: 48208 | H39: TOG – Óleos e graxas | I39: 10 | J39: Vencida | K39: 46282 | L39: =IF(K39="","",K39-Resumo!$B$3) -> -36 | M39: Documento na pasta: Coleta em 17/06/2026 → +3 meses | N39: Programar nova coleta de óleos e graxas (a cada 3 meses) e protocolar o laudo no Comunic@. Conferir se já existe laudo mais recente. | P39: A fazer
A40: 39 | B40: Baixa | C40: Estevam E Castro Posto De Combustivel Ltda | D40: Encanto | E40: 06.287.722/0001-55 | F40: 2025-250825/TEC/RLO-0982 | G40: 48208 | H40: Resíduos oleosos (relatório semestral) | I40: 11 | J40: Sem data | L40: =IF(K40="","",K40-Resumo!$B$3) | M40: Informe a data do último envio | N40: Reunir comprovantes de coleta/destinação de resíduos oleosos e protocolar semestralmente. | P40: A fazer
A41: 40 | B41: Alta | C41: F I Jr Carvalho Ltda | D41: José da Penha | E41: 29.440.003/0001-28 | F41: 2023-196630/TEC/LO-0184 | G41: 47333 | H41: TOG – Óleos e graxas | I41: 14 | J41: Vencida | K41: 46282 | L41: =IF(K41="","",K41-Resumo!$B$3) -> -36 | M41: Documento na pasta: Coleta em 17/06/2026 → +3 meses | N41: Programar nova coleta de óleos e graxas (a cada 3 meses) e protocolar o laudo no Comunic@. Conferir se já existe laudo mais recente. | P41: A fazer
A42: 41 | B42: Média | C42: Fabio Maciel Dantas Varejista | D42: Encanto | E42: 15.479.978/0001-55 | F42: 2026-259961/TEC/RLO-0382 | G42: 48394 | H42: Publicação da concessão | I42: 22 | J42: Vencida | K42: 46212 | L42: =IF(K42="","",K42-Resumo!$B$3) -> -106 | M42: Prazo único de 10 dias após a emissão | N42: Conferir se a concessão foi publicada (D.O.E. e jornal) e protocolar a cópia no Comunic@. | P42: A fazer
A43: 42 | B43: Média | C43: Fabio Maciel Dantas Varejista | D43: Encanto | E43: 15.479.978/0001-55 | F43: 2026-259961/TEC/RLO-0382 | G43: 48394 | H43: Placa indicativa | I43: 19 | J43: Vencida | K43: 46292 | L43: =IF(K43="","",K43-Resumo!$B$3) -> -26 | M43: Prazo único de 90 dias após a emissão | N43: Conferir foto da placa indicativa (modelo IDEMA) e protocolar no Comunic@. | P43: A fazer
A44: 43 | B44: Alta | C44: Fabio Maciel Dantas Varejista | D44: Encanto | E44: 15.479.978/0001-55 | F44: 2026-259961/TEC/RLO-0382 | G44: 48394 | H44: AVCB / CLCB (Bombeiros) | I44: 5 | J44: Vence em breve | K44: 46323 | L44: =IF(K44="","",K44-Resumo!$B$3) -> 5 | M44: Documento na pasta: AVCB nº 65104 emitido em 28/10/2025 | N44: Conferir com o cliente se há AVCB/CLCB mais recente ou renovação em andamento; se não, solicitar renovação ao Corpo de Bombeiros e protocolar o novo no Comunic@. | P44: A fazer
A45: 44 | B45: Alta | C45: Fabio Maciel Dantas Varejista | D45: Encanto | E45: 15.479.978/0001-55 | F45: 2026-259961/TEC/RLO-0382 | G45: 48394 | H45: TOG – Óleos e graxas | I45: 15 | J45: Vencida | K45: 46282 | L45: =IF(K45="","",K45-Resumo!$B$3) -> -36 | M45: Documento na pasta: Coleta em 17/06/2026 → +3 meses | N45: Programar nova coleta de óleos e graxas (a cada 3 meses) e protocolar o laudo no Comunic@. Conferir se já existe laudo mais recente. | P45: A fazer
A46: 45 | B46: Média | C46: Fabio Maciel Dantas Varejista | D46: Encanto | E46: 15.479.978/0001-55 | F46: 2026-259961/TEC/RLO-0382 | G46: 48394 | H46: INMETRO – Bombas | I46: 14 | J46: Vencida | K46: 44478 | L46: =IF(K46="","",K46-Resumo!$B$3) -> -1840 | M46: Documento na pasta: Verificação de 09/10/2020 (aprovado) — a última da pasta; renovação anual | N46: Conferir verificação anual das bombas (IPEM/INMETRO); se vencida, solicitar vistoria e guardar os certificados. | P46: A fazer
A47: 46 | B47: Baixa | C47: Fabio Maciel Dantas Varejista | D47: Encanto | E47: 15.479.978/0001-55 | F47: 2026-259961/TEC/RLO-0382 | G47: 48394 | H47: Laudo de estanqueidade | I47: 14 | J47: Sem data | L47: =IF(K47="","",K47-Resumo!$B$3) | M47: Informe a data do último envio | N47: Conferir teste de estanqueidade (validade de 5 anos); se vencido ou inexistente, contratar novo laudo e protocolar. | P47: A fazer
A48: 47 | B48: Baixa | C48: Fabio Maciel Dantas Varejista | D48: Encanto | E48: 15.479.978/0001-55 | F48: 2026-259961/TEC/RLO-0382 | G48: 48394 | H48: Certificados de treinamento | I48: 8 | J48: Sem data | L48: =IF(K48="","",K48-Resumo!$B$3) | M48: Informe a data do último envio | N48: Conferir certificados de treinamento (NR-20) dos funcionários e protocolar os atualizados. | P48: A fazer
A49: 48 | B49: Média | C49: Fernandes E Pinheiro Ltda | D49: Venha-Ver | E49: 23.761.095/0001-61 | F49: 2022-187361/TEC/LO-0394 | G49: 47129 | H49: IBAMA – Certificado de Regularidade | J49: Vencida | K49: 46273 | L49: =IF(K49="","",K49-Resumo!$B$3) -> -45 | M49: Documento na pasta: Certificado de Regularidade (CTF/APP) emitido em 08/06/2026 | N49: Emitir novo Certificado de Regularidade (CTF/APP) no site do IBAMA (vale 3 meses) e arquivar na pasta. | P49: A fazer
A50: 49 | B50: Baixa | C50: Fernandes E Pinheiro Ltda | D50: Venha-Ver | E50: 23.761.095/0001-61 | F50: 2022-187361/TEC/LO-0394 | G50: 47129 | H50: AVCB / CLCB (Bombeiros) | I50: 5 | J50: Sem data | L50: =IF(K50="","",K50-Resumo!$B$3) | M50: Informe a data do último envio | N50: Conferir com o cliente se há AVCB/CLCB mais recente ou renovação em andamento; se não, solicitar renovação ao Corpo de Bombeiros e protocolar o novo no Comunic@. | P50: A fazer
A51: 50 | B51: Alta | C51: Fernandes E Pinheiro Ltda | D51: Venha-Ver | E51: 23.761.095/0001-61 | F51: 2022-187361/TEC/LO-0394 | G51: 47129 | H51: TOG – Óleos e graxas | I51: 17 | J51: Vencida | K51: 46282 | L51: =IF(K51="","",K51-Resumo!$B$3) -> -36 | M51: Documento na pasta: Coleta em 17/06/2026 → +3 meses | N51: Programar nova coleta de óleos e graxas (a cada 3 meses) e protocolar o laudo no Comunic@. Conferir se já existe laudo mais recente. | P51: A fazer
A52: 51 | B52: Baixa | C52: Fernandes E Pinheiro Ltda | D52: Venha-Ver | E52: 23.761.095/0001-61 | F52: 2022-187361/TEC/LO-0394 | G52: 47129 | H52: INMETRO – Bombas | I52: 8 | J52: Vence em breve | K52: 46337 | L52: =IF(K52="","",K52-Resumo!$B$3) -> 19 | M52: Documento na pasta: Verificação de 11/11/2025 (aprovado); renovação anual | N52: Conferir verificação anual das bombas (IPEM/INMETRO); se vencida, solicitar vistoria e guardar os certificados. | P52: A fazer
A53: 52 | B53: Alta | C53: Fernandes E Queiroz Combustiveis Ltda | D53: Pau dos Ferros | E53: 20.783.185/0001-65 | F53: 2021-170886/TEC/RLO-1166 | G53: 46872 | H53: TOG – Óleos e graxas | I53: 15 | J53: Vencida | K53: 46281 | L53: =IF(K53="","",K53-Resumo!$B$3) -> -37 | M53: Documento na pasta: Coleta em 16/06/2026 → +3 meses | N53: Programar nova coleta de óleos e graxas (a cada 3 meses) e protocolar o laudo no Comunic@. Conferir se já existe laudo mais recente. | P53: A fazer
A54: 53 | B54: Alta | C54: Francisco Valentim Goncalves | D54: São Miguel | E54: 07.951.495/0001-83 | F54: 2020-152705/TEC/LO-0151 | G54: 46374 | H54: Renovação da licença | I54: 20 | J54: Vencida | K54: 46254 | L54: =IF(K54="","",K54-Resumo!$B$3) -> -64 | M54: Licença vale até 18/12/2026 (pedido ≥120 dias antes) | N54: Conferir se a renovação já foi requerida/emitida; se não, protocolar o pedido de renovação no IDEMA (mín. 120 dias antes do fim da validade). | P54: A fazer
A55: 54 | B55: Baixa | C55: Francisco Valentim Goncalves | D55: São Miguel | E55: 07.951.495/0001-83 | F55: 2020-152705/TEC/LO-0151 | G55: 46374 | H55: AVCB / CLCB (Bombeiros) | I55: 5 | J55: Sem data | L55: =IF(K55="","",K55-Resumo!$B$3) | M55: Informe a data do último envio | N55: Conferir com o cliente se há AVCB/CLCB mais recente ou renovação em andamento; se não, solicitar renovação ao Corpo de Bombeiros e protocolar o novo no Comunic@. | P55: A fazer
A56: 55 | B56: Alta | C56: Francisco Valentim Goncalves | D56: São Miguel | E56: 07.951.495/0001-83 | F56: 2020-152705/TEC/LO-0151 | G56: 46374 | H56: TOG – Óleos e graxas | I56: 15 | J56: Vencida | K56: 46282 | L56: =IF(K56="","",K56-Resumo!$B$3) -> -36 | M56: Documento na pasta: Coleta em 17/06/2026 → +3 meses | N56: Programar nova coleta de óleos e graxas (a cada 3 meses) e protocolar o laudo no Comunic@. Conferir se já existe laudo mais recente. | P56: A fazer
A57: 56 | B57: Alta | C57: G J Santos De Oliveira Ltda - Macau | D57: Macau | E57: 70.156.112/0004-64 | F57: 2021-171395/TEC/LO-0328 | G57: 46911 | H57: TOG – Óleos e graxas | J57: Vencida | K57: 46282 | L57: =IF(K57="","",K57-Resumo!$B$3) -> -36 | M57: Documento na pasta: Coleta em 17/06/2026 → +3 meses | N57: Programar nova coleta de óleos e graxas (a cada 3 meses) e protocolar o laudo no Comunic@. Conferir se já existe laudo mais recente. | P57: A fazer
A58: 57 | B58: Baixa | C58: G J Santos De Oliveira Ltda - Umarizal | D58: Umarizal | E58: 70.156.112/0002-00 | F58: 2021-167377/TEC/LO-0250 | G58: 46875 | H58: AVCB / CLCB (Bombeiros) | J58: Sem data | L58: =IF(K58="","",K58-Resumo!$B$3) | M58: Informe a data do último envio | N58: Conferir com o cliente se há AVCB/CLCB mais recente ou renovação em andamento; se não, solicitar renovação ao Corpo de Bombeiros e protocolar o novo no Comunic@. | P58: A fazer
A59: 58 | B59: Alta | C59: G J Santos De Oliveira Ltda - Umarizal | D59: Umarizal | E59: 70.156.112/0002-00 | F59: 2021-167377/TEC/LO-0250 | G59: 46875 | H59: TOG – Óleos e graxas | J59: Vencida | K59: 46282 | L59: =IF(K59="","",K59-Resumo!$B$3) -> -36 | M59: Documento na pasta: Coleta em 17/06/2026 → +3 meses | N59: Programar nova coleta de óleos e graxas (a cada 3 meses) e protocolar o laudo no Comunic@. Conferir se já existe laudo mais recente. | P59: A fazer
A60: 59 | B60: Alta | C60: G. J. Santos De Oliveira Ltda | D60: Itau | E60: 70.156.112/0003-83 | F60: 2025-242199/TEC/LO-0085 | G60: 47952 | H60: AVCB / CLCB (Bombeiros) | I60: 5 | J60: Vencida | K60: 45898 | L60: =IF(K60="","",K60-Resumo!$B$3) -> -420 | M60: Documento na pasta: AVCB nº 55769 emitido em 29/08/2024 | N60: Conferir com o cliente se há AVCB/CLCB mais recente ou renovação em andamento; se não, solicitar renovação ao Corpo de Bombeiros e protocolar o novo no Comunic@. | P60: A fazer
A61: 60 | B61: Alta | C61: G. J. Santos De Oliveira Ltda | D61: Itau | E61: 70.156.112/0003-83 | F61: 2025-242199/TEC/LO-0085 | G61: 47952 | H61: TOG – Óleos e graxas | I61: 17 | J61: Vencida | K61: 46281 | L61: =IF(K61="","",K61-Resumo!$B$3) -> -37 | M61: Documento na pasta: Coleta em 16/06/2026 → +3 meses | N61: Programar nova coleta de óleos e graxas (a cada 3 meses) e protocolar o laudo no Comunic@. Conferir se já existe laudo mais recente. | P61: A fazer
A62: 61 | B62: Alta | C62: Gomes Comercio De Combustiveis Ltda | D62: Francisco Dantas | E62: 40.973.051/0001-14 | F62: 2022-182679/TEC/LO-0249 | G62: 46990 | H62: AVCB / CLCB (Bombeiros) | I62: 5 | J62: Vencida | K62: 46163 | L62: =IF(K62="","",K62-Resumo!$B$3) -> -155 | M62: Documento na pasta: AVCB emitido em 21/05/2025 | N62: Conferir com o cliente se há AVCB/CLCB mais recente ou renovação em andamento; se não, solicitar renovação ao Corpo de Bombeiros e protocolar o novo no Comunic@. | P62: A fazer
A63: 62 | B63: Alta | C63: Gomes Comercio De Combustiveis Ltda | D63: Francisco Dantas | E63: 40.973.051/0001-14 | F63: 2022-182679/TEC/LO-0249 | G63: 46990 | H63: TOG – Óleos e graxas | I63: 16 | J63: Vencida | K63: 46281 | L63: =IF(K63="","",K63-Resumo!$B$3) -> -37 | M63: Documento na pasta: Coleta em 16/06/2026 → +3 meses | N63: Programar nova coleta de óleos e graxas (a cada 3 meses) e protocolar o laudo no Comunic@. Conferir se já existe laudo mais recente. | P63: A fazer
A64: 63 | B64: Média | C64: J P Da Silva Lopes Ltda | D64: Pau dos Ferros | E64: 33.917.013/0003-40 | F64: 2022-185442/TEC/LO-0330 | G64: 47087 | H64: IBAMA – Certificado de Regularidade | J64: Vencida | K64: 46274 | L64: =IF(K64="","",K64-Resumo!$B$3) -> -44 | M64: Documento na pasta: Certificado de Regularidade (CTF/APP) emitido em 09/06/2026 | N64: Emitir novo Certificado de Regularidade (CTF/APP) no site do IBAMA (vale 3 meses) e arquivar na pasta. | P64: A fazer
A65: 64 | B65: Alta | C65: J P Da Silva Lopes Ltda | D65: Pau dos Ferros | E65: 33.917.013/0003-40 | F65: 2022-185442/TEC/LO-0330 | G65: 47087 | H65: AVCB / CLCB (Bombeiros) | I65: 5 | J65: Vencida | K65: 45997 | L65: =IF(K65="","",K65-Resumo!$B$3) -> -321 | M65: Documento na pasta: AVCB emitido em 06/12/2024 | N65: Conferir com o cliente se há AVCB/CLCB mais recente ou renovação em andamento; se não, solicitar renovação ao Corpo de Bombeiros e protocolar o novo no Comunic@. | P65: A fazer
A66: 65 | B66: Alta | C66: J P Da Silva Lopes Ltda | D66: Pau dos Ferros | E66: 33.917.013/0003-40 | F66: 2022-185442/TEC/LO-0330 | G66: 47087 | H66: TOG – Óleos e graxas | I66: 16 | J66: Vencida | K66: 46281 | L66: =IF(K66="","",K66-Resumo!$B$3) -> -37 | M66: Documento na pasta: Coleta em 16/06/2026 → +3 meses | N66: Programar nova coleta de óleos e graxas (a cada 3 meses) e protocolar o laudo no Comunic@. Conferir se já existe laudo mais recente. | P66: A fazer
A67: 66 | B67: Média | C67: Joao Paulo Da Silva Lopes | D67: Pau dos Ferros | E67: 52.439.755/0001-90 | F67: 2024-222931/TEC/LO-0714 | G67: 47854 | H67: IBAMA – Certificado de Regularidade | J67: Vencida | K67: 46316 | L67: =IF(K67="","",K67-Resumo!$B$3) -> -2 | M67: Documento na pasta: Certificado de Regularidade (CTF/APP) emitido em 21/07/2026 | N67: Emitir novo Certificado de Regularidade (CTF/APP) no site do IBAMA (vale 3 meses) e arquivar na pasta. | P67: A fazer
A68: 67 | B68: Alta | C68: Joao Paulo Da Silva Lopes | D68: Pau dos Ferros | E68: 52.439.755/0001-90 | F68: 2024-222931/TEC/LO-0714 | G68: 47854 | H68: TOG – Óleos e graxas | I68: 18 | J68: Vencida | K68: 46281 | L68: =IF(K68="","",K68-Resumo!$B$3) -> -37 | M68: Documento na pasta: Coleta em 16/06/2026 → +3 meses | N68: Programar nova coleta de óleos e graxas (a cada 3 meses) e protocolar o laudo no Comunic@. Conferir se já existe laudo mais recente. | P68: A fazer
A69: 68 | B69: Alta | C69: Katarina Lavya De Freitas Cardozo Combustiveis | D69: Marcelino Vieira | E69: 17.148.809/0001-68 | F69: 2019-135113/TEC/RLO-0284 | G69: 46031 | H69: Renovação da licença | I69: 19 | J69: Vencida | K69: 45911 | L69: =IF(K69="","",K69-Resumo!$B$3) -> -407 | M69: Licença vale até 09/01/2026 (pedido ≥120 dias antes) | N69: Conferir se a renovação já foi requerida/emitida; se não, protocolar o pedido de renovação no IDEMA (mín. 120 dias antes do fim da validade). | P69: A fazer
A70: 69 | B70: Média | C70: Katarina Lavya De Freitas Cardozo Combustiveis | D70: Marcelino Vieira | E70: 17.148.809/0001-68 | F70: 2019-135113/TEC/RLO-0284 | G70: 46031 | H70: IBAMA – Certificado de Regularidade | J70: Vencida | K70: 45659 | L70: =IF(K70="","",K70-Resumo!$B$3) -> -659 | M70: Documento na pasta: Certificado de Regularidade (CTF/APP) com validade até 02/01/2025 — o último da pasta | N70: Emitir novo Certificado de Regularidade (CTF/APP) no site do IBAMA (vale 3 meses) e arquivar na pasta. | P70: A fazer
A71: 70 | B71: Média | C71: Katarina Lavya De Freitas Cardozo Combustiveis | D71: Marcelino Vieira | E71: 17.148.809/0001-68 | F71: 2019-135113/TEC/RLO-0284 | G71: 46031 | H71: ANP – Certificado de posto revendedor | I71: 14 | J71: Vencida | K71: 46083 | L71: =IF(K71="","",K71-Resumo!$B$3) -> -235 | M71: Documento na pasta: Certificado emitido em 02/12/2025, válido por 3 meses (o mais recente da pasta) | N71: Emitir novo certificado no site da ANP (vale 3 meses) e protocolar no Comunic@. | P71: A fazer
A72: 71 | B72: Alta | C72: Katarina Lavya De Freitas Cardozo Combustiveis | D72: Marcelino Vieira | E72: 17.148.809/0001-68 | F72: 2019-135113/TEC/RLO-0284 | G72: 46031 | H72: AVCB / CLCB (Bombeiros) | I72: 5 | J72: Vencida | K72: 45514 | L72: =IF(K72="","",K72-Resumo!$B$3) -> -804 | M72: Documento na pasta: AVCB emitido em 10/08/2023 | N72: Conferir com o cliente se há AVCB/CLCB mais recente ou renovação em andamento; se não, solicitar renovação ao Corpo de Bombeiros e protocolar o novo no Comunic@. | P72: A fazer
A73: 72 | B73: Alta | C73: Katarina Lavya De Freitas Cardozo Combustiveis | D73: Marcelino Vieira | E73: 17.148.809/0001-68 | F73: 2019-135113/TEC/RLO-0284 | G73: 46031 | H73: TOG – Óleos e graxas | I73: 15 | J73: Vencida | K73: 45356 | L73: =IF(K73="","",K73-Resumo!$B$3) -> -962 | M73: Documento na pasta: Coleta em 05/12/2023 (o mais recente da pasta) → +3 meses | N73: Programar nova coleta de óleos e graxas (a cada 3 meses) e protocolar o laudo no Comunic@. Conferir se já existe laudo mais recente. | P73: A fazer
A74: 73 | B74: Baixa | C74: Mar Azul Combustiveis Ltda | D74: Mossoró | E74: 26.210.818/0001-22 | F74: 2021-168234/TEC/RLO-1048 | G74: 46729 | H74: TOG – Óleos e graxas | I74: 15 | J74: Sem data | L74: =IF(K74="","",K74-Resumo!$B$3) | M74: Informe a data do último envio | N74: Programar nova coleta de óleos e graxas (a cada 3 meses) e protocolar o laudo no Comunic@. Conferir se já existe laudo mais recente. | P74: A fazer
A75: 74 | B75: Média | C75: Marcos Antonio Gurgel Costa | D75: Martins | E75: 01.119.969/0001-49 | F75: 2025-249163/TEC/RLO-0787 | G75: 48171 | H75: IBAMA – Certificado de Regularidade | J75: Vencida | K75: 46272 | L75: =IF(K75="","",K75-Resumo!$B$3) -> -46 | M75: Documento na pasta: Certificado de Regularidade (CTF/APP) emitido em 07/06/2026 | N75: Emitir novo Certificado de Regularidade (CTF/APP) no site do IBAMA (vale 3 meses) e arquivar na pasta. | P75: A fazer
A76: 75 | B76: Alta | C76: Marcos Antonio Gurgel Costa | D76: Martins | E76: 01.119.969/0001-49 | F76: 2025-249163/TEC/RLO-0787 | G76: 48171 | H76: AVCB / CLCB (Bombeiros) | I76: 5 | J76: Vencida | K76: 46309 | L76: =IF(K76="","",K76-Resumo!$B$3) -> -9 | M76: Documento na pasta: AVCB emitido em 14/10/2025 | N76: Conferir com o cliente se há AVCB/CLCB mais recente ou renovação em andamento; se não, solicitar renovação ao Corpo de Bombeiros e protocolar o novo no Comunic@. | P76: A fazer
A77: 76 | B77: Alta | C77: Marcos Antonio Gurgel Costa | D77: Martins | E77: 01.119.969/0001-49 | F77: 2025-249163/TEC/RLO-0787 | G77: 48171 | H77: TOG – Óleos e graxas | I77: 15 | J77: Vencida | K77: 46281 | L77: =IF(K77="","",K77-Resumo!$B$3) -> -37 | M77: Documento na pasta: Coleta em 16/06/2026 → +3 meses | N77: Programar nova coleta de óleos e graxas (a cada 3 meses) e protocolar o laudo no Comunic@. Conferir se já existe laudo mais recente. | P77: A fazer
A78: 77 | B78: Alta | C78: Maria Eliana De Sousa Combustiveis Ltda | D78: Antônio Martins | E78: 03.601.442/0001-81 | F78: 2020-150989/TEC/RLO-0421 | G78: 46288 | H78: Renovação da licença | I78: 18 | J78: Vencida | K78: 46168 | L78: =IF(K78="","",K78-Resumo!$B$3) -> -150 | M78: Licença vale até 23/09/2026 (pedido ≥120 dias antes) | N78: Conferir se a renovação já foi requerida/emitida; se não, protocolar o pedido de renovação no IDEMA (mín. 120 dias antes do fim da validade). | P78: A fazer
A79: 78 | B79: Média | C79: Maria Eliana De Sousa Combustiveis Ltda | D79: Antônio Martins | E79: 03.601.442/0001-81 | F79: 2025-243682/TEC/RLO-0321 | G79: 48005 | H79: Publicação da concessão | I79: 12 | J79: Vencida | K79: 46163 | L79: =IF(K79="","",K79-Resumo!$B$3) -> -155 | M79: Prazo único de 10 dias após a emissão | N79: Conferir se a concessão foi publicada (D.O.E. e jornal) e protocolar a cópia no Comunic@. | P79: A fazer
A80: 79 | B80: Baixa | C80: Maria Eliana De Sousa Combustiveis Ltda | D80: Antônio Martins | E80: 03.601.442/0001-81 | F80: 2020-150989/TEC/RLO-0421 | G80: 46288 | H80: AVCB / CLCB (Bombeiros) | I80: 4 | J80: Sem data | L80: =IF(K80="","",K80-Resumo!$B$3) | M80: Informe a data do último envio | N80: Conferir com o cliente se há AVCB/CLCB mais recente ou renovação em andamento; se não, solicitar renovação ao Corpo de Bombeiros e protocolar o novo no Comunic@. | P80: A fazer
A81: 80 | B81: Alta | C81: Maria Eliana De Sousa Combustiveis Ltda | D81: Antônio Martins | E81: 03.601.442/0001-81 | F81: 2020-150989/TEC/RLO-0421 | G81: 46288 | H81: TOG – Óleos e graxas | I81: 14 | J81: Vencida | K81: 46283 | L81: =IF(K81="","",K81-Resumo!$B$3) -> -35 | M81: Documento na pasta: Coleta em 18/06/2026 → +3 meses | N81: Programar nova coleta de óleos e graxas (a cada 3 meses) e protocolar o laudo no Comunic@. Conferir se já existe laudo mais recente. | P81: A fazer
A82: 81 | B82: Alta | C82: Maria Orlete Nunes | D82: Luis Gomes | E82: 02.197.161/0001-42 | F82: 2021-172414/TEC/RLO-1231 | G82: 46798 | H82: AVCB / CLCB (Bombeiros) | I82: 5 | J82: Vence em breve | K82: 46323 | L82: =IF(K82="","",K82-Resumo!$B$3) -> 5 | M82: Documento na pasta: AVCB nº 65396, válido até 28/10/2026 | N82: Conferir com o cliente se há AVCB/CLCB mais recente ou renovação em andamento; se não, solicitar renovação ao Corpo de Bombeiros e protocolar o novo no Comunic@. | P82: A fazer
A83: 82 | B83: Alta | C83: Maria Orlete Nunes | D83: Luis Gomes | E83: 02.197.161/0001-42 | F83: 2021-172414/TEC/RLO-1231 | G83: 46798 | H83: TOG – Óleos e graxas | I83: 16 | J83: Vencida | K83: 46281 | L83: =IF(K83="","",K83-Resumo!$B$3) -> -37 | M83: Documento na pasta: Coleta em 16/06/2026 → +3 meses | N83: Programar nova coleta de óleos e graxas (a cada 3 meses) e protocolar o laudo no Comunic@. Conferir se já existe laudo mais recente. | P83: A fazer
A84: 83 | B84: Baixa | C84: Maria Orlete Nunes | D84: Luis Gomes | E84: 02.197.161/0001-42 | F84: 2021-172414/TEC/RLO-1231 | G84: 46798 | H84: Resíduos oleosos (relatório semestral) | I84: 15 | J84: Sem data | L84: =IF(K84="","",K84-Resumo!$B$3) | M84: Informe a data do último envio | N84: Reunir comprovantes de coleta/destinação de resíduos oleosos e protocolar semestralmente. | P84: A fazer
A85: 84 | B85: Alta | C85: Novo Horizonte Combustiveis Eireli - Epp | D85: Lucrécia | E85: 08.641.978/0001-44 | F85: 2022-182985/TEC/LO-0258 | G85: 47004 | H85: TOG – Óleos e graxas | I85: 16 | J85: Vencida | K85: 46280 | L85: =IF(K85="","",K85-Resumo!$B$3) -> -38 | M85: Documento na pasta: Coleta em 15/06/2026 → +3 meses | N85: Programar nova coleta de óleos e graxas (a cada 3 meses) e protocolar o laudo no Comunic@. Conferir se já existe laudo mais recente. | P85: A fazer
A86: 85 | B86: Baixa | C86: Novo Horizonte Combustiveis Eireli - Epp | D86: Lucrécia | E86: 08.641.978/0001-44 | F86: 2022-182985/TEC/LO-0258 | G86: 47004 | H86: INMETRO – Bombas | I86: 15 | J86: Vence em breve | K86: 46344 | L86: =IF(K86="","",K86-Resumo!$B$3) -> 26 | M86: Documento na pasta: Certificados de verificação de 18/11/2025 (aprovado); renovação anual | N86: Conferir verificação anual das bombas (IPEM/INMETRO); se vencida, solicitar vistoria e guardar os certificados. | P86: A fazer
A87: 86 | B87: Alta | C87: Posto Amigos Ltda | D87: Frutuoso Gomes | E87: 10.898.135/0001-70 | F87: 2016-105348/TEC/LO-0313 | G87: 46046 | H87: Renovação da licença | I87: 20 | J87: Vencida | K87: 45926 | L87: =IF(K87="","",K87-Resumo!$B$3) -> -392 | M87: Licença vale até 24/01/2026 (pedido ≥120 dias antes) | N87: Conferir se a renovação já foi requerida/emitida; se não, protocolar o pedido de renovação no IDEMA (mín. 120 dias antes do fim da validade). | P87: A fazer
A88: 87 | B88: Média | C88: Posto Amigos Ltda | D88: Frutuoso Gomes | E88: 10.898.135/0001-70 | F88: 2016-105348/TEC/LO-0313 | G88: 46046 | H88: IBAMA – Certificado de Regularidade | J88: Vencida | K88: 45823 | L88: =IF(K88="","",K88-Resumo!$B$3) -> -495 | M88: Documento na pasta: Certificado de Regularidade (CTF/APP) válido até 15/06/2025 — o último da pasta | N88: Emitir novo Certificado de Regularidade (CTF/APP) no site do IBAMA (vale 3 meses) e arquivar na pasta. | P88: A fazer
A89: 88 | B89: Alta | C89: Posto Amigos Ltda | D89: Frutuoso Gomes | E89: 10.898.135/0001-70 | F89: 2016-105348/TEC/LO-0313 | G89: 46046 | H89: AVCB / CLCB (Bombeiros) | I89: 5 | J89: Vencida | K89: 46058 | L89: =IF(K89="","",K89-Resumo!$B$3) -> -260 | M89: Documento na pasta: AVCB emitido em 05/02/2025 | N89: Conferir com o cliente se há AVCB/CLCB mais recente ou renovação em andamento; se não, solicitar renovação ao Corpo de Bombeiros e protocolar o novo no Comunic@. | P89: A fazer
A90: 89 | B90: Alta | C90: Posto Amigos Ltda | D90: Frutuoso Gomes | E90: 10.898.135/0001-70 | F90: 2016-105348/TEC/LO-0313 | G90: 46046 | H90: TOG – Óleos e graxas | I90: 15 | J90: Vencida | K90: 46281 | L90: =IF(K90="","",K90-Resumo!$B$3) -> -37 | M90: Documento na pasta: Coleta em 16/06/2026 → +3 meses | N90: Programar nova coleta de óleos e graxas (a cada 3 meses) e protocolar o laudo no Comunic@. Conferir se já existe laudo mais recente. | P90: A fazer
A91: 90 | B91: Alta | C91: Posto Carioca Ltda | D91: Pau dos Ferros | E91: 11.287.738/0001-06 | F91: 2022-181427/TEC/LO-0215 | G91: 46970 | H91: TOG – Óleos e graxas | I91: 15 | J91: Vencida | K91: 46281 | L91: =IF(K91="","",K91-Resumo!$B$3) -> -37 | M91: Documento na pasta: Coleta em 16/06/2026 → +3 meses | N91: Programar nova coleta de óleos e graxas (a cada 3 meses) e protocolar o laudo no Comunic@. Conferir se já existe laudo mais recente. | P91: A fazer
A92: 91 | B92: Alta | C92: Posto Central Sao Sebastiao Ltda | D92: Coronel João Pessoa | E92: 12.203.201/0001-75 | F92: 2020-151603/TEC/RLO-0596 | G92: 46505 | H92: IBAMA – Certificado de Regularidade | J92: Vence em breve | K92: 46319 | L92: =IF(K92="","",K92-Resumo!$B$3) -> 1 | M92: Documento na pasta: Certificado de Regularidade (CTF/APP) emitido em 24/07/2026 | N92: Emitir novo Certificado de Regularidade (CTF/APP) no site do IBAMA (vale 3 meses) e arquivar na pasta. | P92: A fazer
A93: 92 | B93: Alta | C93: Posto Central Sao Sebastiao Ltda | D93: Coronel João Pessoa | E93: 12.203.201/0001-75 | F93: 2020-151603/TEC/RLO-0596 | G93: 46505 | H93: AVCB / CLCB (Bombeiros) | I93: 5 | J93: Vencida | K93: 45891 | L93: =IF(K93="","",K93-Resumo!$B$3) -> -427 | M93: Documento na pasta: AVCB emitido em 22/08/2024 | N93: Conferir com o cliente se há AVCB/CLCB mais recente ou renovação em andamento; se não, solicitar renovação ao Corpo de Bombeiros e protocolar o novo no Comunic@. | P93: A fazer
A94: 93 | B94: Alta | C94: Posto Central Sao Sebastiao Ltda | D94: Coronel João Pessoa | E94: 12.203.201/0001-75 | F94: 2020-151603/TEC/RLO-0596 | G94: 46505 | H94: TOG – Óleos e graxas | I94: 15 | J94: Vencida | K94: 46282 | L94: =IF(K94="","",K94-Resumo!$B$3) -> -36 | M94: Documento na pasta: Coleta em 17/06/2026 → +3 meses | N94: Programar nova coleta de óleos e graxas (a cada 3 meses) e protocolar o laudo no Comunic@. Conferir se já existe laudo mais recente. | P94: A fazer
A95: 94 | B95: Alta | C95: Posto Centro Norte Ltda Me — Posto | D95: Portalegre | E95: 09.500.928/0001-00 | F95: 2020-153758/TEC/RLO-0943 | G95: 46346 | H95: Renovação da licença | J95: Vencida | K95: 46226 | L95: =IF(K95="","",K95-Resumo!$B$3) -> -92 | M95: Licença vale até 20/11/2026 (pedido ≥120 dias antes) | N95: Conferir se a renovação já foi requerida/emitida; se não, protocolar o pedido de renovação no IDEMA (mín. 120 dias antes do fim da validade). | P95: A fazer
A96: 95 | B96: Alta | C96: Posto Centro Norte Ltda Me — Posto | D96: Portalegre | E96: 09.500.928/0001-00 | F96: 2020-153758/TEC/RLO-0943 | G96: 46346 | H96: TOG – Óleos e graxas | J96: Vencida | K96: 46282 | L96: =IF(K96="","",K96-Resumo!$B$3) -> -36 | M96: Documento na pasta: Coleta em 17/06/2026 → +3 meses | N96: Programar nova coleta de óleos e graxas (a cada 3 meses) e protocolar o laudo no Comunic@. Conferir se já existe laudo mais recente. | P96: A fazer
A97: 96 | B97: Alta | C97: Posto Da Serra Combustiveis Ltda | D97: Martins | E97: 29.120.373/0001-88 | F97: 2020-157504/TEC/LO-0270 | G97: 46373 | H97: Renovação da licença | I97: 22 | J97: Vencida | K97: 46253 | L97: =IF(K97="","",K97-Resumo!$B$3) -> -65 | M97: Licença vale até 17/12/2026 (pedido ≥120 dias antes) | N97: Conferir se a renovação já foi requerida/emitida; se não, protocolar o pedido de renovação no IDEMA (mín. 120 dias antes do fim da validade). | P97: A fazer
A98: 97 | B98: Alta | C98: Posto Da Serra Combustiveis Ltda | D98: Martins | E98: 29.120.373/0001-88 | F98: 2020-157504/TEC/LO-0270 | G98: 46373 | H98: AVCB / CLCB (Bombeiros) | I98: 5 | J98: Vencida | K98: 45192 | L98: =IF(K98="","",K98-Resumo!$B$3) -> -1126 | M98: Documento na pasta: AVCB nº 41852 emitido em 23/09/2022 | N98: Conferir com o cliente se há AVCB/CLCB mais recente ou renovação em andamento; se não, solicitar renovação ao Corpo de Bombeiros e protocolar o novo no Comunic@. | P98: A fazer
A99: 98 | B99: Alta | C99: Posto Da Serra Combustiveis Ltda | D99: Martins | E99: 29.120.373/0001-88 | F99: 2020-157504/TEC/LO-0270 | G99: 46373 | H99: TOG – Óleos e graxas | I99: 16 | J99: Vencida | K99: 45262 | L99: =IF(K99="","",K99-Resumo!$B$3) -> -1056 | M99: 3 meses após o último envio (02/09/2023) | N99: Programar nova coleta de óleos e graxas (a cada 3 meses) e protocolar o laudo no Comunic@. Conferir se já existe laudo mais recente. | P99: A fazer
A100: 99 | B100: Alta | C100: Posto De Combustíveis Garcia Ltda | D100: Serrinha | E100: 37.063.855/0001-71 | F100: 2025-243838/TEC/LO-0141 | G100: 48010 | H100: AVCB / CLCB (Bombeiros) | I100: 5 | J100: Vencida | K100: 46127 | L100: =IF(K100="","",K100-Resumo!$B$3) -> -191 | M100: Documento na pasta: AVCB emitido em 15/04/2025 | N100: Conferir com o cliente se há AVCB/CLCB mais recente ou renovação em andamento; se não, solicitar renovação ao Corpo de Bombeiros e protocolar o novo no Comunic@. | P100: A fazer
...

Sheet Por empresa
A1: Empresa | B1: Vencidas | C1: Sem data | D1: Vencem em breve | E1: Total | F1: Prioridade alta
A2: Auto Posto Central Mineiro Ltda | B2: =COUNTIFS(Pendências!$C$2:$C$135,$A2,Pendências!$J$2:$J$135,"Vencida") -> 1 | C2: =COUNTIFS(Pendências!$C$2:$C$135,$A2,Pendências!$J$2:$J$135,"Sem data") -> 0 | D2: =COUNTIFS(Pendências!$C$2:$C$135,$A2,Pendências!$J$2:$J$135,"Vence em breve") -> 2 | E2: =SUM(B2:D2) -> 3 | F2: =COUNTIFS(Pendências!$C$2:$C$135,$A2,Pendências!$B$2:$B$135,"Alta") -> 1
A3: Auto Posto Lopes Combustiveis Ltda | B3: =COUNTIFS(Pendências!$C$2:$C$135,$A3,Pendências!$J$2:$J$135,"Vencida") -> 2 | C3: =COUNTIFS(Pendências!$C$2:$C$135,$A3,Pendências!$J$2:$J$135,"Sem data") -> 0 | D3: =COUNTIFS(Pendências!$C$2:$C$135,$A3,Pendências!$J$2:$J$135,"Vence em breve") -> 0 | E3: =SUM(B3:D3) -> 2 | F3: =COUNTIFS(Pendências!$C$2:$C$135,$A3,Pendências!$B$2:$B$135,"Alta") -> 2
A4: Auto Posto Maioridade Ltda | B4: =COUNTIFS(Pendências!$C$2:$C$135,$A4,Pendências!$J$2:$J$135,"Vencida") -> 2 | C4: =COUNTIFS(Pendências!$C$2:$C$135,$A4,Pendências!$J$2:$J$135,"Sem data") -> 0 | D4: =COUNTIFS(Pendências!$C$2:$C$135,$A4,Pendências!$J$2:$J$135,"Vence em breve") -> 0 | E4: =SUM(B4:D4) -> 2 | F4: =COUNTIFS(Pendências!$C$2:$C$135,$A4,Pendências!$B$2:$B$135,"Alta") -> 2
A5: Auto Posto Santo Expedito Eireli | B5: =COUNTIFS(Pendências!$C$2:$C$135,$A5,Pendências!$J$2:$J$135,"Vencida") -> 0 | C5: =COUNTIFS(Pendências!$C$2:$C$135,$A5,Pendências!$J$2:$J$135,"Sem data") -> 1 | D5: =COUNTIFS(Pendências!$C$2:$C$135,$A5,Pendências!$J$2:$J$135,"Vence em breve") -> 0 | E5: =SUM(B5:D5) -> 1 | F5: =COUNTIFS(Pendências!$C$2:$C$135,$A5,Pendências!$B$2:$B$135,"Alta") -> 0
A6: Auto Posto Taboleiro Ltda | B6: =COUNTIFS(Pendências!$C$2:$C$135,$A6,Pendências!$J$2:$J$135,"Vencida") -> 5 | C6: =COUNTIFS(Pendências!$C$2:$C$135,$A6,Pendências!$J$2:$J$135,"Sem data") -> 2 | D6: =COUNTIFS(Pendências!$C$2:$C$135,$A6,Pendências!$J$2:$J$135,"Vence em breve") -> 0 | E6: =SUM(B6:D6) -> 7 | F6: =COUNTIFS(Pendências!$C$2:$C$135,$A6,Pendências!$B$2:$B$135,"Alta") -> 2
A7: C.Dantas Teixeira Me | B7: =COUNTIFS(Pendências!$C$2:$C$135,$A7,Pendências!$J$2:$J$135,"Vencida") -> 2 | C7: =COUNTIFS(Pendências!$C$2:$C$135,$A7,Pendências!$J$2:$J$135,"Sem data") -> 2 | D7: =COUNTIFS(Pendências!$C$2:$C$135,$A7,Pendências!$J$2:$J$135,"Vence em breve") -> 0 | E7: =SUM(B7:D7) -> 4 | F7: =COUNTIFS(Pendências!$C$2:$C$135,$A7,Pendências!$B$2:$B$135,"Alta") -> 1
A8: Comercial De Petroleo M & M Santos Ltda | B8: =COUNTIFS(Pendências!$C$2:$C$135,$A8,Pendências!$J$2:$J$135,"Vencida") -> 0 | C8: =COUNTIFS(Pendências!$C$2:$C$135,$A8,Pendências!$J$2:$J$135,"Sem data") -> 1 | D8: =COUNTIFS(Pendências!$C$2:$C$135,$A8,Pendências!$J$2:$J$135,"Vence em breve") -> 0 | E8: =SUM(B8:D8) -> 1 | F8: =COUNTIFS(Pendências!$C$2:$C$135,$A8,Pendências!$B$2:$B$135,"Alta") -> 0
A9: Comercial Freitas Ltda - Posto Esperanca | B9: =COUNTIFS(Pendências!$C$2:$C$135,$A9,Pendências!$J$2:$J$135,"Vencida") -> 1 | C9: =COUNTIFS(Pendências!$C$2:$C$135,$A9,Pendências!$J$2:$J$135,"Sem data") -> 2 | D9: =COUNTIFS(Pendências!$C$2:$C$135,$A9,Pendências!$J$2:$J$135,"Vence em breve") -> 1 | E9: =SUM(B9:D9) -> 4 | F9: =COUNTIFS(Pendências!$C$2:$C$135,$A9,Pendências!$B$2:$B$135,"Alta") -> 1
A10: Comercial Rodrigues Dos Santos Ltda | B10: =COUNTIFS(Pendências!$C$2:$C$135,$A10,Pendências!$J$2:$J$135,"Vencida") -> 0 | C10: =COUNTIFS(Pendências!$C$2:$C$135,$A10,Pendências!$J$2:$J$135,"Sem data") -> 2 | D10: =COUNTIFS(Pendências!$C$2:$C$135,$A10,Pendências!$J$2:$J$135,"Vence em breve") -> 0 | E10: =SUM(B10:D10) -> 2 | F10: =COUNTIFS(Pendências!$C$2:$C$135,$A10,Pendências!$B$2:$B$135,"Alta") -> 0
A11: Comercio De Combustiveis Santo Antonio Ltda | B11: =COUNTIFS(Pendências!$C$2:$C$135,$A11,Pendências!$J$2:$J$135,"Vencida") -> 3 | C11: =COUNTIFS(Pendências!$C$2:$C$135,$A11,Pendências!$J$2:$J$135,"Sem data") -> 3 | D11: =COUNTIFS(Pendências!$C$2:$C$135,$A11,Pendências!$J$2:$J$135,"Vence em breve") -> 0 | E11: =SUM(B11:D11) -> 6 | F11: =COUNTIFS(Pendências!$C$2:$C$135,$A11,Pendências!$B$2:$B$135,"Alta") -> 1
A12: Coronel Gas Ii Ltda | B12: =COUNTIFS(Pendências!$C$2:$C$135,$A12,Pendências!$J$2:$J$135,"Vencida") -> 1 | C12: =COUNTIFS(Pendências!$C$2:$C$135,$A12,Pendências!$J$2:$J$135,"Sem data") -> 0 | D12: =COUNTIFS(Pendências!$C$2:$C$135,$A12,Pendências!$J$2:$J$135,"Vence em breve") -> 0 | E12: =SUM(B12:D12) -> 1 | F12: =COUNTIFS(Pendências!$C$2:$C$135,$A12,Pendências!$B$2:$B$135,"Alta") -> 1
A13: Damiana Maria De Jesus Dantas Varejista | B13: =COUNTIFS(Pendências!$C$2:$C$135,$A13,Pendências!$J$2:$J$135,"Vencida") -> 2 | C13: =COUNTIFS(Pendências!$C$2:$C$135,$A13,Pendências!$J$2:$J$135,"Sem data") -> 0 | D13: =COUNTIFS(Pendências!$C$2:$C$135,$A13,Pendências!$J$2:$J$135,"Vence em breve") -> 0 | E13: =SUM(B13:D13) -> 2 | F13: =COUNTIFS(Pendências!$C$2:$C$135,$A13,Pendências!$B$2:$B$135,"Alta") -> 2
... A46: Revendedora De Combustiveis R & R Eireli | B46: =COUNTIFS(Pendências!$C$2:$C$135,$A46,Pendências!$J$2:$J$135,"Vencida") -> 2 | C46: =COUNTIFS(Pendências!$C$2:$C$135,$A46,Pendências!$J$2:$J$135,"Sem data") -> 1 | D46: =COUNTIFS(Pendências!$C$2:$C$135,$A46,Pendências!$J$2:$J$135,"Vence em breve") -> 0 | E46: =SUM(B46:D46) -> 3 | F46: =COUNTIFS(Pendências!$C$2:$C$135,$A46,Pendências!$B$2:$B$135,"Alta") -> 2

Sheet Licenças que faltam
A1: Empresa | B1: CNPJ | C1: Situação | D1: Responsável | E1: Andamento
A2: Auto Posto Pais e Filhos | B2: 15.479.953/0001-51 | C2: Pasta 20 tem AVCB, ANP e TOG, mas não tem a licença do IDEMA
A3: Gás Coronel (Maria S N Gomes) | B3: 43.720.210/0001-67 | C3: Pasta 23 sem licença; AVCB é de revenda de GLP (confirmar se é gás)
A4: G J Santos de Oliveira – Areia Branca | B4: 70.156.112/0001-11 | C4: Pasta 29 tem ANP e TOG; falta a licença
A5: Posto Santa Rita I | B5: 07.766.121/0001-98 | C5: Pasta 32 tem ANP e AVCB; falta a licença
A6: A de Souza Leite Soares (Posto Anderson) | B6: 09.649.896/0001-09 | C6: Pasta 34 tem AVCB, ANP e INMETRO; falta a licença
A7: I C Soares Ltda JM | B7: 58.152.342/0001-07 | C7: Pasta 35 ainda não enviada
A8: Nosso Posto Lagoa Nova (Nosso Posto II) | B8: 17.439.147/0001-85 | C8: Pasta 15 ainda não enviada
A9: Ferreira & Galdêncio Petróleo | B9: — | C9: Pasta 42 tem AVCB e ANP; falta a licença
A10: C & A Ltda – Posto Independência | B10: 03.426.530/0001-94 | C10: Pasta não enviada; temos só 4 protocolos do Comunic@ (processo 2018-127422/TEC/RLO-1143)
A11: Posto Pinto – Severiano Melo | B11: 04.905.677/0001-20 | C11: Pasta 45 só tem ANP; falta a licença
A12: Distribuidora de Gás BG | B12: — | C12: Pasta 46 sem documentos
A13: Posto Saga | B13: 04.146.342/0001-75 | C13: Pasta 51 tem TOG e ANP; falta a licença
... A20: Pastas ainda não recebidas | B20: — | C20: Nº 2 (Posto da Serra), 9 e 15
